<UniHighlighter>
 <ImportantInfo>
 </ImportantInfo>
 <Info>
  <General>
   <Name>Batch</Name>
   <FileTypeName>cmd,bat</FileTypeName>
   <Layout>Standard</Layout>
  </General>
  <Author>
   <Name>Werner Rumpeltesz</Name>
   <Email>info@gaijin.at</Email>
   <Web>www.gaijin.at</Web>
   <Copyright>Copyright (c) 2006 Werner Rumpeltesz</Copyright>
   <Company>www.gaijin.at</Company>
   <Remark></Remark>
  </Author>
  <Version>
   <Version>1</Version>
   <Revision>0</Revision>
   <Date>41371,6969696991</Date>
   <Type>Internal Test</Type>
  </Version>
  <History>
  </History>
  <Sample>
   <S>echo off</S>
   <S>echo Delphi CleanUp</S>
   <S>echo --------------</S>
   <S>echo Loeschen von ueberfluessigen Delphi-Dateien...</S>
   <S>del *.~*</S>
   <S>del *.aps</S>
   <S>del *.dcu</S>
   <S>del *.ddp</S>
   <S>del *.dsm</S>
   <S>rem del *.dsk</S>
   <S>echo Fertig.</S>
  </Sample>
 </Info>
 <Range Name="Root">
 <Def>
  <Back>16777215</Back>
  <Fore>0</Fore>
  <Style></Style>
 </Def>
 <Num>
  <Back>16777215</Back>
  <Fore>128</Fore>
  <Style></Style>
 </Num>
 <OpenSymbol></OpenSymbol>
 <CloseSymbol></CloseSymbol>
 <DelimiterChars>!&qt;#$%&amp;'()*+,-./:;&lt;=&gt;?@[\]^`{|}~</DelimiterChars>
 <AnyTerm>True</AnyTerm>
 <CloseOnTerm>False</CloseOnTerm>
 <CloseOnEol>False</CloseOnEol>
 <CaseSensitive>False</CaseSensitive>
 <KW Name="Key Words 1">
  <Attri>
   <Back>16777215</Back>
   <Fore>16711680</Fore>
   <Style>B</Style>
  </Attri>
  <W>append</W>
  <W>arp</W>
  <W>assoc</W>
  <W>at</W>
  <W>attrib</W>
  <W>backup</W>
  <W>break</W>
  <W>buffers</W>
  <W>cacls</W>
  <W>chcp</W>
  <W>chdir</W>
  <W>chkdsk</W>
  <W>cls</W>
  <W>cmd</W>
  <W>codepage</W>
  <W>color</W>
  <W>comp</W>
  <W>compact</W>
  <W>convert</W>
  <W>COPY</W>
  <W>country</W>
  <W>date</W>
  <W>debug</W>
  <W>DEL</W>
  <W>device</W>
  <W>devicehigh</W>
  <W>devinfo</W>
  <W>dir</W>
  <W>diskcomp</W>
  <W>diskcopy</W>
  <W>diskperf</W>
  <W>dos</W>
  <W>doskey</W>
  <W>dosonly</W>
  <W>driveparm</W>
  <W>edit</W>
  <W>edlin</W>
  <W>erase</W>
  <W>exe2bin</W>
  <W>exit</W>
  <W>expand</W>
  <W>fastopen</W>
  <W>fc</W>
  <W>fcbs</W>
  <W>files</W>
  <W>find</W>
  <W>findstr</W>
  <W>finger</W>
  <W>forcedos</W>
  <W>format</W>
  <W>ftp</W>
  <W>ftype</W>
  <W>graftabl</W>
  <W>graphics</W>
  <W>help</W>
  <W>hostname</W>
  <W>install</W>
  <W>ipconfig</W>
  <W>ipxroute</W>
  <W>keyb</W>
  <W>label</W>
  <W>lastdrive</W>
  <W>lh</W>
  <W>libpath</W>
  <W>loadfix</W>
  <W>loadhigh</W>
  <W>lpq</W>
  <W>lpr</W>
  <W>md</W>
  <W>mem</W>
  <W>mkdir</W>
  <W>mode</W>
  <W>more</W>
  <W>move</W>
  <W>nbtstat</W>
  <W>net</W>
  <W>netstat</W>
  <W>nlsfunc</W>
  <W>nslookup</W>
  <W>path</W>
  <W>pax</W>
  <W>pentnt</W>
  <W>ping</W>
  <W>popd</W>
  <W>portuas</W>
  <W>print</W>
  <W>prompt</W>
  <W>protshell</W>
  <W>pushd</W>
  <W>qbasic</W>
  <W>rcp</W>
  <W>rd</W>
  <W>recover</W>
  <W>ren</W>
  <W>rename</W>
  <W>replace</W>
  <W>restore</W>
  <W>rexec</W>
  <W>rmdir</W>
  <W>route</W>
  <W>rsh</W>
  <W>set</W>
  <W>setver</W>
  <W>share</W>
  <W>shell</W>
  <W>sort</W>
  <W>stacks</W>
  <W>start</W>
  <W>subst</W>
  <W>tftp</W>
  <W>time</W>
  <W>title</W>
  <W>tracert</W>
  <W>tree</W>
  <W>TYPE</W>
  <W>ver</W>
  <W>verify</W>
  <W>vol</W>
  <W>XCOPY</W>
 </KW>
 <KW Name="Key Words 2">
  <Attri>
   <Back>16777215</Back>
   <Fore>10485760</Fore>
   <Style>B</Style>
  </Attri>
  <W>call</W>
  <W>echo</W>
  <W>endlocal</W>
  <W>EXIST</W>
  <W>for</W>
  <W>GOTO</W>
  <W>IF</W>
  <W>NOT</W>
  <W>pause</W>
  <W>setlocal</W>
  <W>shift</W>
 </KW>
 <KW Name="Key Words 3">
  <Attri>
   <Back>16777215</Back>
   <Fore>8404992</Fore>
   <Style>B</Style>
  </Attri>
  <W>arj</W>
  <W>awk</W>
  <W>cat</W>
  <W>compress</W>
  <W>CRCNT</W>
  <W>datetime</W>
  <W>DEFNCOPY</W>
  <W>dequote</W>
  <W>DIFF</W>
  <W>DOAT</W>
  <W>ERR</W>
  <W>exitcode</W>
  <W>filesize</W>
  <W>FINDSTR</W>
  <W>gawk</W>
  <W>getdrves</W>
  <W>getunc</W>
  <W>GLOBAL</W>
  <W>grep</W>
  <W>head</W>
  <W>IFSIZE</W>
  <W>ls</W>
  <W>mv</W>
  <W>perl</W>
  <W>PKUNZIP</W>
  <W>PKZIP</W>
  <W>REGFIX</W>
  <W>sawk</W>
  <W>sed</W>
  <W>split</W>
  <W>tail</W>
  <W>TEE</W>
  <W>tr</W>
  <W>TRANS</W>
  <W>unarj</W>
  <W>uniq</W>
  <W>unzip</W>
  <W>VALIDATE</W>
  <W>wc</W>
  <W>XFRM</W>
  <W>zip</W>
  <W>ZIP2EXE</W>
 </KW>
 <KW Name="Symbols">
  <Attri>
   <Back>16777215</Back>
   <Fore>8421504</Fore>
   <Style>B</Style>
  </Attri>
  <W>-</W>
  <W>#</W>
  <W>&amp;</W>
  <W>(</W>
  <W>)</W>
  <W>*</W>
  <W>$</W>
  <W>,</W>
  <W>.</W>
  <W>/</W>
  <W>;</W>
  <W>?</W>
  <W>_</W>
  <W>+</W>
  <W>&lt;</W>
  <W>=</W>
  <W>&gt;</W>
  <W>\</W>
  <W>[</W>
  <W>]</W>
  <W>{</W>
  <W>%</W>
  <W>�</W>
  <W>!</W>
  <W>}</W>
 </KW>
  <Range Name="Remarks REM">
  <Def>
   <Back>16777215</Back>
   <Fore>32768</Fore>
   <Style></Style>
  </Def>
  <Num>
   <Back>16777215</Back>
   <Fore>32768</Fore>
   <Style></Style>
  </Num>
  <OpenSymbol>REM</OpenSymbol>
  <CloseSymbol></CloseSymbol>
  <DelimiterChars>!&qt;#$%&amp;'()*+,-./:;&lt;=&gt;?@[\]^`{|}~</DelimiterChars>
  <AnyTerm>True</AnyTerm>
  <CloseOnTerm>False</CloseOnTerm>
  <CloseOnEol>True</CloseOnEol>
  <CaseSensitive>False</CaseSensitive>
  </Range>
 </Range>
</UniHighlighter>
