<UniHighlighter>
 <ImportantInfo>
 </ImportantInfo>
 <Info>
  <General>
   <Name>Log files</Name>
   <FileTypeName>TXT</FileTypeName>
   <Layout>Standard</Layout>
  </General>
  <Author>
   <Name>Tim Sinaeve</Name>
   <Email>tim.sinaeve@gmail.com</Email>
   <Web></Web>
   <Copyright>Copyright (c) 2013 Tim Sinaeve</Copyright>
   <Company></Company>
   <Remark></Remark>
  </Author>
  <Version>
   <Version>1</Version>
   <Revision>0</Revision>
   <Date>41371,6969804745</Date>
   <Type>Internal Test</Type>
  </Version>
  <History>
  </History>
  <Sample>
  </Sample>
 </Info>
 <Range Name="Root">
 <Def>
  <Back>16777215</Back>
  <Fore>0</Fore>
  <Style></Style>
 </Def>
 <Num>
  <Back>16777215</Back>
  <Fore>255</Fore>
  <Style></Style>
 </Num>
 <OpenSymbol></OpenSymbol>
 <CloseSymbol></CloseSymbol>
 <DelimiterChars>!#$%&amp;'()*+,-./:;&lt;=&gt;?@[\]^`qt{|}~</DelimiterChars>
 <AnyTerm>True</AnyTerm>
 <CloseOnTerm>False</CloseOnTerm>
 <CloseOnEol>False</CloseOnEol>
 <CaseSensitive>False</CaseSensitive>
 <KW Name="Special char =">
  <Attri>
   <Back>16777215</Back>
   <Fore>255</Fore>
   <Style>B</Style>
  </Attri>
  <W>=</W>
  <W>0</W>
  <W>1</W>
  <W>2</W>
  <W>3</W>
  <W>4</W>
  <W>5</W>
  <W>6</W>
  <W>7</W>
  <W>8</W>
  <W>9</W>
 </KW>
  <Range Name="Progress">
  <Def>
   <Back>16777215</Back>
   <Fore>32768</Fore>
   <Style></Style>
  </Def>
  <Num>
   <Back>16777215</Back>
   <Fore>32768</Fore>
   <Style></Style>
  </Num>
  <OpenSymbol>P: </OpenSymbol>
  <CloseSymbol></CloseSymbol>
  <DelimiterChars>!#$%&amp;'()*+,./:;&lt;=&gt;?@[\^`qt{|}~</DelimiterChars>
  <AnyTerm>True</AnyTerm>
  <CloseOnTerm>False</CloseOnTerm>
  <CloseOnEol>True</CloseOnEol>
  <CaseSensitive>True</CaseSensitive>
  </Range>
  <Range Name="Information">
  <Def>
   <Back>16777215</Back>
   <Fore>16711680</Fore>
   <Style></Style>
  </Def>
  <Num>
   <Back>16777215</Back>
   <Fore>16711680</Fore>
   <Style></Style>
  </Num>
  <OpenSymbol>I: </OpenSymbol>
  <CloseSymbol></CloseSymbol>
  <DelimiterChars>!#$%&amp;'()*+,./:;&lt;=&gt;?@\^`qt{|}~</DelimiterChars>
  <AnyTerm>True</AnyTerm>
  <CloseOnTerm>False</CloseOnTerm>
  <CloseOnEol>True</CloseOnEol>
  <CaseSensitive>True</CaseSensitive>
  </Range>
  <Range Name="Empty">
  <Def>
   <Back>16777215</Back>
   <Fore>16711680</Fore>
   <Style></Style>
  </Def>
  <Num>
   <Back>16777215</Back>
   <Fore>16711680</Fore>
   <Style></Style>
  </Num>
  <OpenSymbol>                     </OpenSymbol>
  <CloseSymbol></CloseSymbol>
  <DelimiterChars>!#$%&amp;'()*+,./:;&lt;=&gt;?@\^`qt{|}~</DelimiterChars>
  <AnyTerm>True</AnyTerm>
  <CloseOnTerm>False</CloseOnTerm>
  <CloseOnEol>True</CloseOnEol>
  <CaseSensitive>True</CaseSensitive>
  </Range>
  <Range Name="Warning">
  <Def>
   <Back>16777215</Back>
   <Fore>255</Fore>
   <Style></Style>
  </Def>
  <Num>
   <Back>16777215</Back>
   <Fore>255</Fore>
   <Style></Style>
  </Num>
  <OpenSymbol>W: </OpenSymbol>
  <CloseSymbol></CloseSymbol>
  <DelimiterChars>!#$%&amp;'()*+,./:;&lt;=&gt;?@\^`qt{|}~</DelimiterChars>
  <AnyTerm>True</AnyTerm>
  <CloseOnTerm>False</CloseOnTerm>
  <CloseOnEol>True</CloseOnEol>
  <CaseSensitive>True</CaseSensitive>
  </Range>
  <Range Name="Error">
  <Def>
   <Back>255</Back>
   <Fore>16777215</Fore>
   <Style></Style>
  </Def>
  <Num>
   <Back>255</Back>
   <Fore>16777215</Fore>
   <Style></Style>
  </Num>
  <OpenSymbol>E: </OpenSymbol>
  <CloseSymbol></CloseSymbol>
  <DelimiterChars>!&qt;#$%&amp;'()*+,-./:;&lt;=&gt;?@[\]^`{|}~</DelimiterChars>
  <AnyTerm>True</AnyTerm>
  <CloseOnTerm>False</CloseOnTerm>
  <CloseOnEol>True</CloseOnEol>
  <CaseSensitive>True</CaseSensitive>
  </Range>
 </Range>
</UniHighlighter>
