<UniHighlighter>
 <ImportantInfo></ImportantInfo>
 <Info>
  <General>
   <Name>INI</Name>
   <FileTypeName>ini</FileTypeName>
   <Layout>Standard</Layout>
  </General>
  <Author>
   <Name>Tim Sinaeve</Name>
   <Email></Email>
   <Web></Web>
   <Copyright>Copyright (c) 2013 Tim Sinaeve</Copyright>
   <Company>Tim Sinaeve</Company>
   <Remark></Remark>
  </Author>
  <Version>
   <Version>1</Version>
   <Revision>0</Revision>
   <Date>41371,6979035648</Date>
   <Type>Internal Test</Type>
  </Version>
  <History>
  </History>
  <Sample>
   <S>[Window]</S>
   <S>ASCII SOMChar=0x10</S>
   <S>ANSI SOMChar=0xBB</S>
   <S>ASCII LozengeChar=0x16</S>
   <S>HostResponseColor=0 0 0</S>
   <S>ApplPromptColor=255 0 0</S>
   <S>ApplEntryColor=0 128 128</S>
   <S>;Debug Addons=0 FALSE / 1 TRUE</S>
   <S></S>
  </Sample>
 </Info>
 <Range Name="Root">
 <Def>
  <Back>16777215</Back>
  <Fore>16711680</Fore>
  <Style></Style>
 </Def>
 <Num>
  <Back>16777215</Back>
  <Fore>255</Fore>
  <Style></Style>
 </Num>
 <OpenSymbol></OpenSymbol>
 <CloseSymbol></CloseSymbol>
 <DelimiterChars>!#$%&amp;'()*+,-./:;&lt;=&gt;?@[\]^`qt{|}~</DelimiterChars>
 <AnyTerm>True</AnyTerm>
 <CloseOnTerm>False</CloseOnTerm>
 <CloseOnEol>False</CloseOnEol>
 <CaseSensitive>False</CaseSensitive>
 <KW Name="Special char =">
  <Attri>
   <Back>16777215</Back>
   <Fore>255</Fore>
   <Style>B</Style>
  </Attri>
  <W>=</W>
 </KW>
  <Range Name="Sections">
  <Def>
   <Back>16777215</Back>
   <Fore>32768</Fore>
   <Style></Style>
  </Def>
  <Num>
   <Back>16777215</Back>
   <Fore>32768</Fore>
   <Style></Style>
  </Num>
  <OpenSymbol>[</OpenSymbol>
  <CloseSymbol>]</CloseSymbol>
  <DelimiterChars>!#$%&amp;'()*+,-./:;&lt;=&gt;?@[\]^`qt{|}~</DelimiterChars>
  <AnyTerm>True</AnyTerm>
  <CloseOnTerm>False</CloseOnTerm>
  <CloseOnEol>False</CloseOnEol>
  <CaseSensitive>False</CaseSensitive>
  </Range>
  <Range Name="Value">
  <Def>
   <Back>16777215</Back>
   <Fore>0</Fore>
   <Style></Style>
  </Def>
  <Num>
   <Back>16777215</Back>
   <Fore>0</Fore>
   <Style></Style>
  </Num>
  <OpenSymbol>=</OpenSymbol>
  <CloseSymbol></CloseSymbol>
  <DelimiterChars>!#$%&amp;'()*+,-./:;&lt;=&gt;?@[\]^`qt{|}~</DelimiterChars>
  <AnyTerm>True</AnyTerm>
  <CloseOnTerm>False</CloseOnTerm>
  <CloseOnEol>True</CloseOnEol>
  <CaseSensitive>False</CaseSensitive>
  </Range>
  <Range Name="Remark ;">
  <Def>
   <Back>16777215</Back>
   <Fore>8388608</Fore>
   <Style></Style>
  </Def>
  <Num>
   <Back>16777215</Back>
   <Fore>8388608</Fore>
   <Style></Style>
  </Num>
  <OpenSymbol>;</OpenSymbol>
  <CloseSymbol></CloseSymbol>
  <DelimiterChars>!#$%&amp;'()*+,-./:;&lt;=&gt;?@[\]^`qt{|}~</DelimiterChars>
  <AnyTerm>True</AnyTerm>
  <CloseOnTerm>False</CloseOnTerm>
  <CloseOnEol>True</CloseOnEol>
  <CaseSensitive>False</CaseSensitive>
  </Range>
  <Range Name="Remark #">
  <Def>
   <Back>16777215</Back>
   <Fore>8388608</Fore>
   <Style></Style>
  </Def>
  <Num>
   <Back>16777215</Back>
   <Fore>8388608</Fore>
   <Style></Style>
  </Num>
  <OpenSymbol>#</OpenSymbol>
  <CloseSymbol></CloseSymbol>
  <DelimiterChars>!#$%&amp;'()*+,-./:;&lt;=&gt;?@[\]^`qt{|}~</DelimiterChars>
  <AnyTerm>True</AnyTerm>
  <CloseOnTerm>False</CloseOnTerm>
  <CloseOnEol>True</CloseOnEol>
  <CaseSensitive>False</CaseSensitive>
  </Range>
 </Range>
</UniHighlighter>
