<UniHighlighter>
 <ImportantInfo>
 </ImportantInfo>
 <Info>
  <General>
   <Name>Rich Text Format</Name>
   <FileTypeName>rtf</FileTypeName>
   <Layout>Standard</Layout>
  </General>
  <Author>
   <Name>Werner Rumpeltesz</Name>
   <Email>info@gaijin.at</Email>
   <Web>www.gaijin.at</Web>
   <Copyright>Copyright (c) 2006 Werner Rumpeltesz</Copyright>
   <Company>www.gaijin.at</Company>
   <Remark></Remark>
  </Author>
  <Version>
   <Version>1</Version>
   <Revision>0</Revision>
   <Date>41371,6987453935</Date>
   <Type>Internal Test</Type>
  </Version>
  <History>
  </History>
  <Sample>
   <S>{\rtf1\ansi\ansicpg1252\deff0\deflang1033{\fonttbl{\f0\fswiss Arial;}</S>
   <S>{\f1\froman Times New Roman;}}{\colortbl;\red0\green0\blue0;</S>
   <S>}{\info{\author Crystal Reports}}\paperw12240\paperh15840\margl360</S>
   <S>\margr360\margt360\margb288\gutter0\windowctrl\ftnbj\viewkind1\viewscale100</S>
   <S>\sectd\linex0\sbknone{\shp{\*\shpinst\shpleft4230\shptop767\shpright11580</S>
   <S>\shpbottom1430\shpfhdr0\shpbxpage\shpbypage\shpwr3\shpwrk0</S>
   <S>\shpfblwtxt1{\sp{\sn txflTextFlow}{\sv 0}}{\sp{\sn shapeType}</S>
   <S>{\sv 1}}{\sp{\sn fBehindDocument}{\sv 1}}{\sp{\sn fLine}{\sv 1}}</S>
   <S>{\sp{\sn lineColor}{\sv 0}}{\sp{\sn lineWidth}{\sv 0}}{\sp{\sn lineDashing}</S>
   <S>{\sv 0}}{\sp{\sn lineStyle}{\sv 0}}{\sp{\sn fFilled}</S>
   <S>{\sv 0}}}}{\shp{\*\shpinst\shpleft810\shptop5411\shpright11820</S>
   <S>\shpbottom7459\shpfhdr0\shpbxpage\shpbypage\shpwr3\shpwrk0</S>
   <S>\shpfblwtxt1{\sp{\sn txflTextFlow}{\sv 0}}{\sp{\sn shapeType}</S>
   <S>{\sv 1}}{\sp{\sn fBehindDocument}{\sv 1}}{\sp{\sn fLine}{\sv 1}}</S>
   <S>{\sp{\sn lineColor}{\sv 0}}{\sp{\sn lineWidth}{\sv 0}}{\sp{\sn lineDashing}</S>
   <S>{\sv 0}}{\sp{\sn lineStyle}{\sv 0}}{\sp{\sn fFilled}{\sv 0}}}}</S>
   <S>{\pard \pvpg\phpg\posx10530\posy815\absw960\absh-185\fi0</S>
   <S>{\pard \pvpg\phpg\posx9090\posy815\absw1320\absh-185\fi0</S>
   <S>\strike0\fs18 \cf1 Tuesday}\par }{\pard \pvpg\phpg</S>
   <S></S>
   <S></S>
  </Sample>
 </Info>
 <Range Name="Root">
 <Def>
  <Back>16777215</Back>
  <Fore>0</Fore>
  <Style></Style>
 </Def>
 <Num>
  <Back>16777215</Back>
  <Fore>128</Fore>
  <Style></Style>
 </Num>
 <OpenSymbol></OpenSymbol>
 <CloseSymbol></CloseSymbol>
 <DelimiterChars>#$%&amp;()+,-./0123456789:;&lt;=&gt;[\]^_`abcdefghijklmnopqrstuvwxyz{|}~</DelimiterChars>
 <AnyTerm>True</AnyTerm>
 <CloseOnTerm>False</CloseOnTerm>
 <CloseOnEol>False</CloseOnEol>
 <CaseSensitive>False</CaseSensitive>
 <KW Name="Special Characters">
  <Attri>
   <Back>16777215</Back>
   <Fore>8421504</Fore>
   <Style></Style>
  </Attri>
  <W>{</W>
  <W>}</W>
 </KW>
 <KW Name="German Special">
  <Attri>
   <Back>16777215</Back>
   <Fore>16711808</Fore>
   <Style></Style>
  </Attri>
  <W>\'a7</W>
  <W>\'a9</W>
  <W>\'ae</W>
  <W>\'b2</W>
  <W>\'b3</W>
  <W>\'b5</W>
  <W>\'b7</W>
  <W>\'c4</W>
  <W>\'d6</W>
  <W>\'dc</W>
  <W>\'df</W>
  <W>\'e4</W>
  <W>\'f6</W>
  <W>\'fc</W>
 </KW>
  <Range Name="RTF Tags">
  <Def>
   <Back>16777215</Back>
   <Fore>8388608</Fore>
   <Style></Style>
  </Def>
  <Num>
   <Back>16777215</Back>
   <Fore>8388608</Fore>
   <Style></Style>
  </Num>
  <OpenSymbol>\</OpenSymbol>
  <CloseSymbol></CloseSymbol>
  <DelimiterChars>!&qt;#$%&amp;()+,-./:;&lt;=&gt;?@[\]^`{|}~</DelimiterChars>
  <AnyTerm>True</AnyTerm>
  <CloseOnTerm>True</CloseOnTerm>
  <CloseOnEol>False</CloseOnEol>
  <CaseSensitive>False</CaseSensitive>
  <KW Name="Known tags">
   <Attri>
    <Back>16777215</Back>
    <Fore>16711680</Fore>
    <Style></Style>
   </Attri>
   <W>*</W>
   <W>ansi</W>
   <W>author</W>
   <W>b</W>
   <W>colortbl</W>
   <W>company</W>
   <W>deff</W>
   <W>f</W>
   <W>fmodern</W>
   <W>fnil</W>
   <W>fonttbl</W>
   <W>froman</W>
   <W>fs24</W>
   <W>fswiss</W>
   <W>ftech</W>
   <W>i</W>
   <W>info</W>
   <W>margl</W>
   <W>margr</W>
   <W>operator</W>
   <W>par</W>
   <W>pard</W>
   <W>qc</W>
   <W>qj</W>
   <W>ql</W>
   <W>qr</W>
   <W>rtf</W>
   <W>rtf1</W>
   <W>sa</W>
   <W>sb</W>
   <W>sectd</W>
   <W>sn</W>
   <W>sp</W>
   <W>sv</W>
   <W>title</W>
   <W>ul</W>
  </KW>
  </Range>
 </Range>
</UniHighlighter>
